stage,pnl,win_rate,signals,wins,losses,sideways,avg_pnl,pf,adx_threshold,ema_entry_len,ema_trend_len,hold_bars,rsi_len,stop_loss_pct,take_profit_pct,vol_mult
GIAI ĐOẠN 1: Tối ưu HOLD_BARS / SL / TP,26.1,37.14,489,179,303,7,0.0534,1.11,,,,12,,0.008,0.015,
GIAI ĐOẠN 1: Tối ưu HOLD_BARS / SL / TP,20.0,30.06,489,144,335,10,0.0409,1.07,,,,12,,0.008,0.02,
GIAI ĐOẠN 1: Tối ưu HOLD_BARS / SL / TP,24.0,22.41,489,104,360,25,0.0491,1.08,,,,12,,0.008,0.03,
GIAI ĐOẠN 1: Tối ưu HOLD_BARS / SL / TP,39.2,18.46,489,84,371,34,0.0802,1.13,,,,12,,0.008,0.04,
GIAI ĐOẠN 1: Tối ưu HOLD_BARS / SL / TP,5.0,40.42,489,194,286,9,0.0102,1.02,,,,12,,0.01,0.015,
GIAI ĐOẠN 1: Tối ưu HOLD_BARS / SL / TP,-8.0,32.77,489,156,320,13,-0.0164,0.97,,,,12,,0.01,0.02,
GIAI ĐOẠN 1: Tối ưu HOLD_BARS / SL / TP,11.0,25.6,489,118,343,28,0.0225,1.03,,,,12,,0.01,0.03,
GIAI ĐOẠN 1: Tối ưu HOLD_BARS / SL / TP,9.0,20.4,489,92,359,38,0.0184,1.03,,,,12,,0.01,0.04,
GIAI ĐOẠN 1: Tối ưu HOLD_BARS / SL / TP,-9.0,49.36,489,230,236,23,-0.0184,0.97,,,,12,,0.015,0.015,
GIAI ĐOẠN 1: Tối ưu HOLD_BARS / SL / TP,-21.0,41.54,489,189,266,34,-0.0429,0.95,,,,12,,0.015,0.02,
GIAI ĐOẠN 1: Tối ưu HOLD_BARS / SL / TP,-7.5,32.95,489,143,291,55,-0.0153,0.98,,,,12,,0.015,0.03,
GIAI ĐOẠN 1: Tối ưu HOLD_BARS / SL / TP,6.5,27.55,489,116,305,68,0.0133,1.01,,,,12,,0.015,0.04,
GIAI ĐOẠN 1: Tối ưu HOLD_BARS / SL / TP,-9.0,56.58,489,258,198,33,-0.0184,0.98,,,,12,,0.02,0.015,
GIAI ĐOẠN 1: Tối ưu HOLD_BARS / SL / TP,-24.0,48.64,489,215,227,47,-0.0491,0.95,,,,12,,0.02,0.02,
GIAI ĐOẠN 1: Tối ưu HOLD_BARS / SL / TP,-8.0,39.61,489,164,250,75,-0.0164,0.98,,,,12,,0.02,0.03,
GIAI ĐOẠN 1: Tối ưu HOLD_BARS / SL / TP,0.0,33.33,489,131,262,96,0.0,1.0,,,,12,,0.02,0.04,
GIAI ĐOẠN 1: Tối ưu HOLD_BARS / SL / TP,29.0,37.37,489,182,305,2,0.0593,1.12,,,,24,,0.008,0.015,
GIAI ĐOẠN 1: Tối ưu HOLD_BARS / SL / TP,24.8,30.39,489,148,339,2,0.0507,1.09,,,,24,,0.008,0.02,
GIAI ĐOẠN 1: Tối ưu HOLD_BARS / SL / TP,60.4,24.33,489,118,367,4,0.1235,1.21,,,,24,,0.008,0.03,
GIAI ĐOẠN 1: Tối ưu HOLD_BARS / SL / TP,92.8,20.66,489,100,384,5,0.1898,1.3,,,,24,,0.008,0.04,
GIAI ĐOẠN 1: Tối ưu HOLD_BARS / SL / TP,8.0,40.66,489,198,289,2,0.0164,1.03,,,,24,,0.01,0.015,
GIAI ĐOẠN 1: Tối ưu HOLD_BARS / SL / TP,-3.0,33.13,489,161,325,3,-0.0061,0.99,,,,24,,0.01,0.02,
GIAI ĐOẠN 1: Tối ưu HOLD_BARS / SL / TP,48.0,27.48,489,133,351,5,0.0982,1.14,,,,24,,0.01,0.03,
GIAI ĐOẠN 1: Tối ưu HOLD_BARS / SL / TP,63.0,22.61,489,109,373,7,0.1288,1.17,,,,24,,0.01,0.04,
GIAI ĐOẠN 1: Tối ưu HOLD_BARS / SL / TP,-10.5,49.28,489,238,245,6,-0.0215,0.97,,,,24,,0.015,0.015,
GIAI ĐOẠN 1: Tối ưu HOLD_BARS / SL / TP,-17.0,41.84,489,200,278,11,-0.0348,0.96,,,,24,,0.015,0.02,
GIAI ĐOẠN 1: Tối ưu HOLD_BARS / SL / TP,24.0,34.46,489,163,310,16,0.0491,1.05,,,,24,,0.015,0.03,
GIAI ĐOẠN 1: Tối ưu HOLD_BARS / SL / TP,58.5,29.55,489,138,329,22,0.1196,1.12,,,,24,,0.015,0.04,
GIAI ĐOẠN 1: Tối ưu HOLD_BARS / SL / TP,-18.0,56.07,489,268,210,11,-0.0368,0.96,,,,24,,0.02,0.015,
GIAI ĐOẠN 1: Tối ưu HOLD_BARS / SL / TP,-28.0,48.51,489,228,242,19,-0.0573,0.94,,,,24,,0.02,0.02,
GIAI ĐOẠN 1: Tối ưu HOLD_BARS / SL / TP,24.0,41.04,489,190,273,26,0.0491,1.04,,,,24,,0.02,0.03,
GIAI ĐOẠN 1: Tối ưu HOLD_BARS / SL / TP,44.0,34.95,489,159,296,34,0.09,1.07,,,,24,,0.02,0.04,
GIAI ĐOẠN 1: Tối ưu HOLD_BARS / SL / TP,32.0,37.63,489,184,305,0,0.0654,1.13,,,,48,,0.008,0.015,
GIAI ĐOẠN 1: Tối ưu HOLD_BARS / SL / TP,26.0,30.47,489,149,340,0,0.0532,1.1,,,,48,,0.008,0.02,
GIAI ĐOẠN 1: Tối ưu HOLD_BARS / SL / TP,65.6,24.59,489,120,368,1,0.1342,1.22,,,,48,,0.008,0.03,
GIAI ĐOẠN 1: Tối ưu HOLD_BARS / SL / TP,96.0,20.78,489,101,385,3,0.1963,1.31,,,,48,,0.008,0.04,
GIAI ĐOẠN 1: Tối ưu HOLD_BARS / SL / TP,11.0,40.9,489,200,289,0,0.0225,1.04,,,,48,,0.01,0.015,
GIAI ĐOẠN 1: Tối ưu HOLD_BARS / SL / TP,-3.0,33.13,489,162,327,0,-0.0061,0.99,,,,48,,0.01,0.02,
GIAI ĐOẠN 1: Tối ưu HOLD_BARS / SL / TP,52.0,27.66,489,135,353,1,0.1063,1.15,,,,48,,0.01,0.03,
GIAI ĐOẠN 1: Tối ưu HOLD_BARS / SL / TP,69.0,22.84,489,111,375,3,0.1411,1.18,,,,48,,0.01,0.04,
GIAI ĐOẠN 1: Tối ưu HOLD_BARS / SL / TP,-4.5,49.69,489,243,246,0,-0.0092,0.99,,,,48,,0.015,0.015,
GIAI ĐOẠN 1: Tối ưu HOLD_BARS / SL / TP,-12.5,42.13,489,206,283,0,-0.0256,0.97,,,,48,,0.015,0.02,
GIAI ĐOẠN 1: Tối ưu HOLD_BARS / SL / TP,36.0,34.98,489,170,316,3,0.0736,1.08,,,,48,,0.015,0.03,
GIAI ĐOẠN 1: Tối ưu HOLD_BARS / SL / TP,77.5,30.21,489,145,335,9,0.1585,1.15,,,,48,,0.015,0.04,
GIAI ĐOẠN 1: Tối ưu HOLD_BARS / SL / TP,-12.0,56.44,489,276,213,0,-0.0245,0.97,,,,48,,0.02,0.015,
GIAI ĐOẠN 1: Tối ưu HOLD_BARS / SL / TP,-26.0,48.67,489,237,250,2,-0.0532,0.95,,,,48,,0.02,0.02,
GIAI ĐOẠN 1: Tối ưu HOLD_BARS / SL / TP,39.0,41.61,489,201,282,6,0.0798,1.07,,,,48,,0.02,0.03,
GIAI ĐOẠN 1: Tối ưu HOLD_BARS / SL / TP,58.0,35.37,489,168,307,14,0.1186,1.09,,,,48,,0.02,0.04,
GIAI ĐOẠN 1: Tối ưu HOLD_BARS / SL / TP,32.0,37.63,489,184,305,0,0.0654,1.13,,,,96,,0.008,0.015,
GIAI ĐOẠN 1: Tối ưu HOLD_BARS / SL / TP,26.0,30.47,489,149,340,0,0.0532,1.1,,,,96,,0.008,0.02,
GIAI ĐOẠN 1: Tối ưu HOLD_BARS / SL / TP,64.8,24.54,489,120,369,0,0.1325,1.22,,,,96,,0.008,0.03,
GIAI ĐOẠN 1: Tối ưu HOLD_BARS / SL / TP,98.4,20.86,489,102,387,0,0.2012,1.32,,,,96,,0.008,0.04,
GIAI ĐOẠN 1: Tối ưu HOLD_BARS / SL / TP,11.0,40.9,489,200,289,0,0.0225,1.04,,,,96,,0.01,0.015,
GIAI ĐOẠN 1: Tối ưu HOLD_BARS / SL / TP,-3.0,33.13,489,162,327,0,-0.0061,0.99,,,,96,,0.01,0.02,
GIAI ĐOẠN 1: Tối ưu HOLD_BARS / SL / TP,51.0,27.61,489,135,354,0,0.1043,1.14,,,,96,,0.01,0.03,
GIAI ĐOẠN 1: Tối ưu HOLD_BARS / SL / TP,71.0,22.9,489,112,377,0,0.1452,1.19,,,,96,,0.01,0.04,
GIAI ĐOẠN 1: Tối ưu HOLD_BARS / SL / TP,-4.5,49.69,489,243,246,0,-0.0092,0.99,,,,96,,0.015,0.015,
GIAI ĐOẠN 1: Tối ưu HOLD_BARS / SL / TP,-12.5,42.13,489,206,283,0,-0.0256,0.97,,,,96,,0.015,0.02,
GIAI ĐOẠN 1: Tối ưu HOLD_BARS / SL / TP,40.5,35.17,489,172,317,0,0.0828,1.09,,,,96,,0.015,0.03,
GIAI ĐOẠN 1: Tối ưu HOLD_BARS / SL / TP,102.5,31.08,489,152,337,0,0.2096,1.2,,,,96,,0.015,0.04,
GIAI ĐOẠN 1: Tối ưu HOLD_BARS / SL / TP,-12.0,56.44,489,276,213,0,-0.0245,0.97,,,,96,,0.02,0.015,
GIAI ĐOẠN 1: Tối ưu HOLD_BARS / SL / TP,-22.0,48.88,489,239,250,0,-0.045,0.96,,,,96,,0.02,0.02,
GIAI ĐOẠN 1: Tối ưu HOLD_BARS / SL / TP,52.0,42.13,489,206,283,0,0.1063,1.09,,,,96,,0.02,0.03,
GIAI ĐOẠN 1: Tối ưu HOLD_BARS / SL / TP,102.0,36.81,489,180,309,0,0.2086,1.17,,,,96,,0.02,0.04,
GIAI ĐOẠN 2: Tối ưu EMA / RSI / ADX / Volume,-32.5,26.43,700,185,515,0,-0.0464,0.96,18,15,100,,10,,,1.0
GIAI ĐOẠN 2: Tối ưu EMA / RSI / ADX / Volume,-37.5,26.04,553,144,409,0,-0.0678,0.94,18,15,100,,10,,,1.1
GIAI ĐOẠN 2: Tối ưu EMA / RSI / ADX / Volume,12.5,27.85,395,110,285,0,0.0316,1.03,18,15,100,,10,,,1.25
GIAI ĐOẠN 2: Tối ưu EMA / RSI / ADX / Volume,-10.5,26.96,612,165,447,0,-0.0172,0.98,20,15,100,,10,,,1.0
GIAI ĐOẠN 2: Tối ưu EMA / RSI / ADX / Volume,-16.5,26.65,484,129,355,0,-0.0341,0.97,20,15,100,,10,,,1.1
GIAI ĐOẠN 2: Tối ưu EMA / RSI / ADX / Volume,17.5,28.2,344,97,247,0,0.0509,1.05,20,15,100,,10,,,1.25
GIAI ĐOẠN 2: Tối ưu EMA / RSI / ADX / Volume,-64.0,24.38,402,98,304,0,-0.1592,0.86,25,15,100,,10,,,1.0
GIAI ĐOẠN 2: Tối ưu EMA / RSI / ADX / Volume,-60.0,23.93,326,78,248,0,-0.184,0.84,25,15,100,,10,,,1.1
GIAI ĐOẠN 2: Tối ưu EMA / RSI / ADX / Volume,-21.0,25.56,223,57,166,0,-0.0942,0.92,25,15,100,,10,,,1.25
GIAI ĐOẠN 2: Tối ưu EMA / RSI / ADX / Volume,-5.5,27.15,792,215,577,0,-0.0069,0.99,18,15,100,,14,,,1.0
GIAI ĐOẠN 2: Tối ưu EMA / RSI / ADX / Volume,-8.0,27.04,636,172,464,0,-0.0126,0.99,18,15,100,,14,,,1.1
GIAI ĐOẠN 2: Tối ưu EMA / RSI / ADX / Volume,45.5,29.07,461,134,327,0,0.0987,1.09,18,15,100,,14,,,1.25
GIAI ĐOẠN 2: Tối ưu EMA / RSI / ADX / Volume,9.5,27.53,683,188,495,0,0.0139,1.01,20,15,100,,14,,,1.0
GIAI ĐOẠN 2: Tối ưu EMA / RSI / ADX / Volume,8.5,27.55,548,151,397,0,0.0155,1.01,20,15,100,,14,,,1.1
GIAI ĐOẠN 2: Tối ưu EMA / RSI / ADX / Volume,52.5,29.7,394,117,277,0,0.1332,1.13,20,15,100,,14,,,1.25
GIAI ĐOẠN 2: Tối ưu EMA / RSI / ADX / Volume,-56.0,24.94,437,109,328,0,-0.1281,0.89,25,15,100,,14,,,1.0
GIAI ĐOẠN 2: Tối ưu EMA / RSI / ADX / Volume,-40.5,25.21,357,90,267,0,-0.1134,0.9,25,15,100,,14,,,1.1
GIAI ĐOẠN 2: Tối ưu EMA / RSI / ADX / Volume,-2.0,27.13,247,67,180,0,-0.0081,0.99,25,15,100,,14,,,1.25
GIAI ĐOẠN 2: Tối ưu EMA / RSI / ADX / Volume,94.5,29.17,909,264,641,4,0.104,1.1,18,15,100,,21,,,1.0
GIAI ĐOẠN 2: Tối ưu EMA / RSI / ADX / Volume,84.5,29.34,747,218,525,4,0.1131,1.11,18,15,100,,21,,,1.1
GIAI ĐOẠN 2: Tối ưu EMA / RSI / ADX / Volume,128.0,31.43,564,176,384,4,0.227,1.22,18,15,100,,21,,,1.25
GIAI ĐOẠN 2: Tối ưu EMA / RSI / ADX / Volume,101.0,29.61,790,233,554,3,0.1278,1.12,20,15,100,,21,,,1.0
GIAI ĐOẠN 2: Tối ưu EMA / RSI / ADX / Volume,92.5,29.88,649,193,453,3,0.1425,1.14,20,15,100,,21,,,1.1
GIAI ĐOẠN 2: Tối ưu EMA / RSI / ADX / Volume,132.0,32.23,487,156,328,3,0.271,1.27,20,15,100,,21,,,1.25
GIAI ĐOẠN 2: Tối ưu EMA / RSI / ADX / Volume,19.5,27.96,516,144,371,1,0.0378,1.04,25,15,100,,21,,,1.0
GIAI ĐOẠN 2: Tối ưu EMA / RSI / ADX / Volume,25.0,28.34,428,121,306,1,0.0584,1.05,25,15,100,,21,,,1.1
GIAI ĐOẠN 2: Tối ưu EMA / RSI / ADX / Volume,70.0,31.39,310,97,212,1,0.2258,1.22,25,15,100,,21,,,1.25
GIAI ĐOẠN 2: Tối ưu EMA / RSI / ADX / Volume,10.5,27.54,719,198,521,0,0.0146,1.01,18,20,100,,10,,,1.0
GIAI ĐOẠN 2: Tối ưu EMA / RSI / ADX / Volume,-0.5,27.26,565,154,411,0,-0.0009,1.0,18,20,100,,10,,,1.1
GIAI ĐOẠN 2: Tối ưu EMA / RSI / ADX / Volume,3.0,27.41,405,111,294,0,0.0074,1.01,18,20,100,,10,,,1.25
GIAI ĐOẠN 2: Tối ưu EMA / RSI / ADX / Volume,19.0,27.81,640,178,462,0,0.0297,1.03,20,20,100,,10,,,1.0
GIAI ĐOẠN 2: Tối ưu EMA / RSI / ADX / Volume,20.0,28.0,500,140,360,0,0.04,1.04,20,20,100,,10,,,1.1
GIAI ĐOẠN 2: Tối ưu EMA / RSI / ADX / Volume,15.5,28.06,360,101,259,0,0.0431,1.04,20,20,100,,10,,,1.25
GIAI ĐOẠN 2: Tối ưu EMA / RSI / ADX / Volume,-58.0,24.76,420,104,316,0,-0.1381,0.88,25,20,100,,10,,,1.0
GIAI ĐOẠN 2: Tối ưu EMA / RSI / ADX / Volume,-36.0,25.23,321,81,240,0,-0.1121,0.9,25,20,100,,10,,,1.1
GIAI ĐOẠN 2: Tối ưu EMA / RSI / ADX / Volume,-27.5,25.11,231,58,173,0,-0.119,0.89,25,20,100,,10,,,1.25
GIAI ĐOẠN 2: Tối ưu EMA / RSI / ADX / Volume,49.0,28.33,840,238,602,0,0.0583,1.05,18,20,100,,14,,,1.0
GIAI ĐOẠN 2: Tối ưu EMA / RSI / ADX / Volume,61.5,28.96,663,192,471,0,0.0928,1.09,18,20,100,,14,,,1.1
GIAI ĐOẠN 2: Tối ưu EMA / RSI / ADX / Volume,44.5,28.96,480,139,341,0,0.0927,1.09,18,20,100,,14,,,1.25
GIAI ĐOẠN 2: Tối ưu EMA / RSI / ADX / Volume,46.5,28.42,739,210,529,0,0.0629,1.06,20,20,100,,14,,,1.0
GIAI ĐOẠN 2: Tối ưu EMA / RSI / ADX / Volume,77.5,29.71,579,172,407,0,0.1339,1.13,20,20,100,,14,,,1.1
GIAI ĐOẠN 2: Tối ưu EMA / RSI / ADX / Volume,53.5,29.59,419,124,295,0,0.1277,1.12,20,20,100,,14,,,1.25
GIAI ĐOẠN 2: Tối ưu EMA / RSI / ADX / Volume,-54.5,25.21,480,121,359,0,-0.1135,0.9,25,20,100,,14,,,1.0
GIAI ĐOẠN 2: Tối ưu EMA / RSI / ADX / Volume,-3.5,27.1,369,100,269,0,-0.0095,0.99,25,20,100,,14,,,1.1
GIAI ĐOẠN 2: Tối ưu EMA / RSI / ADX / Volume,-7.5,26.77,269,72,197,0,-0.0279,0.97,25,20,100,,14,,,1.25
GIAI ĐOẠN 2: Tối ưu EMA / RSI / ADX / Volume,133.0,29.76,975,289,682,4,0.1364,1.13,18,20,100,,21,,,1.0
GIAI ĐOẠN 2: Tối ưu EMA / RSI / ADX / Volume,145.0,30.62,791,241,546,4,0.1833,1.18,18,20,100,,21,,,1.1
GIAI ĐOẠN 2: Tối ưu EMA / RSI / ADX / Volume,123.5,31.11,589,182,403,4,0.2097,1.2,18,20,100,,21,,,1.25
GIAI ĐOẠN 2: Tối ưu EMA / RSI / ADX / Volume,127.5,29.97,864,258,603,3,0.1476,1.14,20,20,100,,21,,,1.0
GIAI ĐOẠN 2: Tối ưu EMA / RSI / ADX / Volume,155.5,31.36,695,217,475,3,0.2237,1.22,20,20,100,,21,,,1.1
GIAI ĐOẠN 2: Tối ưu EMA / RSI / ADX / Volume,127.0,31.77,516,163,350,3,0.2461,1.24,20,20,100,,21,,,1.25
GIAI ĐOẠN 2: Tối ưu EMA / RSI / ADX / Volume,23.0,28.0,576,161,414,1,0.0399,1.04,25,20,100,,21,,,1.0
GIAI ĐOẠN 2: Tối ưu EMA / RSI / ADX / Volume,61.5,29.74,455,135,319,1,0.1352,1.13,25,20,100,,21,,,1.1
GIAI ĐOẠN 2: Tối ưu EMA / RSI / ADX / Volume,59.5,30.47,339,103,235,1,0.1755,1.17,25,20,100,,21,,,1.25
GIAI ĐOẠN 2: Tối ưu EMA / RSI / ADX / Volume,57.5,28.83,673,194,479,0,0.0854,1.08,18,30,100,,10,,,1.0
GIAI ĐOẠN 2: Tối ưu EMA / RSI / ADX / Volume,54.0,29.14,525,153,372,0,0.1029,1.1,18,30,100,,10,,,1.1
GIAI ĐOẠN 2: Tối ưu EMA / RSI / ADX / Volume,30.0,28.77,365,105,260,0,0.0822,1.08,18,30,100,,10,,,1.25
GIAI ĐOẠN 2: Tối ưu EMA / RSI / ADX / Volume,78.0,29.65,597,177,420,0,0.1307,1.12,20,30,100,,10,,,1.0
GIAI ĐOẠN 2: Tối ưu EMA / RSI / ADX / Volume,72.0,30.06,469,141,328,0,0.1535,1.15,20,30,100,,10,,,1.1
GIAI ĐOẠN 2: Tối ưu EMA / RSI / ADX / Volume,44.5,29.75,326,97,229,0,0.1365,1.13,20,30,100,,10,,,1.25
GIAI ĐOẠN 2: Tối ưu EMA / RSI / ADX / Volume,3.0,27.41,405,111,294,0,0.0074,1.01,25,30,100,,10,,,1.0
GIAI ĐOẠN 2: Tối ưu EMA / RSI / ADX / Volume,-0.5,27.24,312,85,227,0,-0.0016,1.0,25,30,100,,10,,,1.1
GIAI ĐOẠN 2: Tối ưu EMA / RSI / ADX / Volume,-14.5,26.05,215,56,159,0,-0.0674,0.94,25,30,100,,10,,,1.25
GIAI ĐOẠN 2: Tối ưu EMA / RSI / ADX / Volume,158.5,30.6,866,265,601,0,0.183,1.18,18,30,100,,14,,,1.0
GIAI ĐOẠN 2: Tối ưu EMA / RSI / ADX / Volume,137.5,30.94,682,211,471,0,0.2016,1.19,18,30,100,,14,,,1.1
GIAI ĐOẠN 2: Tối ưu EMA / RSI / ADX / Volume,86.5,30.52,485,148,337,0,0.1784,1.17,18,30,100,,14,,,1.25
GIAI ĐOẠN 2: Tối ưu EMA / RSI / ADX / Volume,160.0,31.07,766,238,528,0,0.2089,1.2,20,30,100,,14,,,1.0
GIAI ĐOẠN 2: Tối ưu EMA / RSI / ADX / Volume,143.0,31.57,605,191,414,0,0.2364,1.23,20,30,100,,14,,,1.1
GIAI ĐOẠN 2: Tối ưu EMA / RSI / ADX / Volume,92.0,31.16,430,134,296,0,0.214,1.21,20,30,100,,14,,,1.25
GIAI ĐOẠN 2: Tối ưu EMA / RSI / ADX / Volume,16.5,27.85,517,144,373,0,0.0319,1.03,25,30,100,,14,,,1.0
GIAI ĐOẠN 2: Tối ưu EMA / RSI / ADX / Volume,20.0,28.18,401,113,288,0,0.0499,1.05,25,30,100,,14,,,1.1
GIAI ĐOẠN 2: Tối ưu EMA / RSI / ADX / Volume,-1.0,27.21,283,77,206,0,-0.0035,1.0,25,30,100,,14,,,1.25
GIAI ĐOẠN 2: Tối ưu EMA / RSI / ADX / Volume,242.5,31.51,1045,328,713,4,0.2321,1.23,18,30,100,,21,,,1.0
GIAI ĐOẠN 2: Tối ưu EMA / RSI / ADX / Volume,225.0,32.14,844,270,570,4,0.2666,1.26,18,30,100,,21,,,1.1
GIAI ĐOẠN 2: Tối ưu EMA / RSI / ADX / Volume,163.0,32.05,625,199,422,4,0.2608,1.26,18,30,100,,21,,,1.25
GIAI ĐOẠN 2: Tối ưu EMA / RSI / ADX / Volume,244.0,32.04,933,298,632,3,0.2615,1.26,20,30,100,,21,,,1.0
GIAI ĐOẠN 2: Tối ưu EMA / RSI / ADX / Volume,226.5,32.76,754,246,505,3,0.3004,1.3,20,30,100,,21,,,1.1
GIAI ĐOẠN 2: Tối ưu EMA / RSI / ADX / Volume,168.5,32.79,558,182,373,3,0.302,1.3,20,30,100,,21,,,1.25
GIAI ĐOẠN 2: Tối ưu EMA / RSI / ADX / Volume,101.0,30.12,645,194,450,1,0.1566,1.15,25,30,100,,21,,,1.0
GIAI ĐOẠN 2: Tối ưu EMA / RSI / ADX / Volume,91.5,30.53,512,156,355,1,0.1787,1.17,25,30,100,,21,,,1.1
GIAI ĐOẠN 2: Tối ưu EMA / RSI / ADX / Volume,63.0,30.32,377,114,262,1,0.1671,1.16,25,30,100,,21,,,1.25
GIAI ĐOẠN 2: Tối ưu EMA / RSI / ADX / Volume,-32.5,26.36,645,170,475,0,-0.0504,0.95,18,15,150,,10,,,1.0
GIAI ĐOẠN 2: Tối ưu EMA / RSI / ADX / Volume,-9.5,26.94,516,139,377,0,-0.0184,0.98,18,15,150,,10,,,1.1
GIAI ĐOẠN 2: Tối ưu EMA / RSI / ADX / Volume,18.0,28.15,373,105,268,0,0.0483,1.04,18,15,150,,10,,,1.25
GIAI ĐOẠN 2: Tối ưu EMA / RSI / ADX / Volume,-11.0,26.92,561,151,410,0,-0.0196,0.98,20,15,150,,10,,,1.0
GIAI ĐOẠN 2: Tối ưu EMA / RSI / ADX / Volume,12.0,27.75,454,126,328,0,0.0264,1.02,20,15,150,,10,,,1.1
GIAI ĐOẠN 2: Tối ưu EMA / RSI / ADX / Volume,26.5,28.75,327,94,233,0,0.081,1.08,20,15,150,,10,,,1.25
GIAI ĐOẠN 2: Tối ưu EMA / RSI / ADX / Volume,-60.5,24.24,363,88,275,0,-0.1667,0.85,25,15,150,,10,,,1.0
GIAI ĐOẠN 2: Tối ưu EMA / RSI / ADX / Volume,-33.5,25.25,301,76,225,0,-0.1113,0.9,25,15,150,,10,,,1.1
GIAI ĐOẠN 2: Tối ưu EMA / RSI / ADX / Volume,-13.5,26.09,207,54,153,0,-0.0652,0.94,25,15,150,,10,,,1.25
GIAI ĐOẠN 2: Tối ưu EMA / RSI / ADX / Volume,-25.0,26.65,728,194,534,0,-0.0343,0.97,18,15,150,,14,,,1.0
GIAI ĐOẠN 2: Tối ưu EMA / RSI / ADX / Volume,-9.0,26.99,589,159,430,0,-0.0153,0.99,18,15,150,,14,,,1.1
GIAI ĐOẠN 2: Tối ưu EMA / RSI / ADX / Volume,30.0,28.54,431,123,308,0,0.0696,1.06,18,15,150,,14,,,1.25
GIAI ĐOẠN 2: Tối ưu EMA / RSI / ADX / Volume,-5.5,27.11,627,170,457,0,-0.0088,0.99,20,15,150,,14,,,1.0
GIAI ĐOẠN 2: Tối ưu EMA / RSI / ADX / Volume,14.5,27.79,511,142,369,0,0.0284,1.03,20,15,150,,14,,,1.1
GIAI ĐOẠN 2: Tối ưu EMA / RSI / ADX / Volume,43.0,29.38,371,109,262,0,0.1159,1.11,20,15,150,,14,,,1.25
GIAI ĐOẠN 2: Tối ưu EMA / RSI / ADX / Volume,-58.5,24.55,391,96,295,0,-0.1496,0.87,25,15,150,,14,,,1.0
GIAI ĐOẠN 2: Tối ưu EMA / RSI / ADX / Volume,-32.0,25.47,322,82,240,0,-0.0994,0.91,25,15,150,,14,,,1.1
GIAI ĐOẠN 2: Tối ưu EMA / RSI / ADX / Volume,-4.5,26.91,223,60,163,0,-0.0202,0.98,25,15,150,,14,,,1.25
GIAI ĐOẠN 2: Tối ưu EMA / RSI / ADX / Volume,59.0,28.59,819,233,582,4,0.072,1.07,18,15,150,,21,,,1.0
GIAI ĐOẠN 2: Tối ưu EMA / RSI / ADX / Volume,68.5,29.12,677,196,477,4,0.1012,1.1,18,15,150,,21,,,1.1
GIAI ĐOẠN 2: Tối ưu EMA / RSI / ADX / Volume,102.5,30.92,515,158,353,4,0.199,1.19,18,15,150,,21,,,1.25
GIAI ĐOẠN 2: Tối ưu EMA / RSI / ADX / Volume,71.5,29.12,707,205,499,3,0.1011,1.1,20,15,150,,21,,,1.0
GIAI ĐOẠN 2: Tối ưu EMA / RSI / ADX / Volume,85.0,29.91,588,175,410,3,0.1446,1.14,20,15,150,,21,,,1.1
GIAI ĐOẠN 2: Tối ưu EMA / RSI / ADX / Volume,114.0,31.97,444,141,300,3,0.2568,1.25,20,15,150,,21,,,1.25
GIAI ĐOẠN 2: Tối ưu EMA / RSI / ADX / Volume,31.0,28.54,446,127,318,1,0.0695,1.06,25,15,150,,21,,,1.0
GIAI ĐOẠN 2: Tối ưu EMA / RSI / ADX / Volume,43.0,29.38,372,109,262,1,0.1156,1.11,25,15,150,,21,,,1.1
GIAI ĐOẠN 2: Tối ưu EMA / RSI / ADX / Volume,76.5,32.46,269,87,181,1,0.2844,1.28,25,15,150,,21,,,1.25
GIAI ĐOẠN 2: Tối ưu EMA / RSI / ADX / Volume,6.5,27.45,652,179,473,0,0.01,1.01,18,20,150,,10,,,1.0
GIAI ĐOẠN 2: Tối ưu EMA / RSI / ADX / Volume,-5.0,27.1,513,139,374,0,-0.0097,0.99,18,20,150,,10,,,1.1
GIAI ĐOẠN 2: Tối ưu EMA / RSI / ADX / Volume,7.0,27.62,362,100,262,0,0.0193,1.02,18,20,150,,10,,,1.25
GIAI ĐOẠN 2: Tối ưu EMA / RSI / ADX / Volume,23.5,28.01,582,163,419,0,0.0404,1.04,20,20,150,,10,,,1.0
GIAI ĐOẠN 2: Tối ưu EMA / RSI / ADX / Volume,21.5,28.13,455,128,327,0,0.0473,1.04,20,20,150,,10,,,1.1
GIAI ĐOẠN 2: Tối ưu EMA / RSI / ADX / Volume,24.5,28.66,321,92,229,0,0.0763,1.07,20,20,150,,10,,,1.25
GIAI ĐOẠN 2: Tối ưu EMA / RSI / ADX / Volume,-54.0,24.67,377,93,284,0,-0.1432,0.87,25,20,150,,10,,,1.0
GIAI ĐOẠN 2: Tối ưu EMA / RSI / ADX / Volume,-36.0,25.0,288,72,216,0,-0.125,0.89,25,20,150,,10,,,1.1
GIAI ĐOẠN 2: Tối ưu EMA / RSI / ADX / Volume,-4.5,26.87,201,54,147,0,-0.0224,0.98,25,20,150,,10,,,1.25
GIAI ĐOẠN 2: Tối ưu EMA / RSI / ADX / Volume,28.0,27.94,766,214,552,0,0.0366,1.03,18,20,150,,14,,,1.0
GIAI ĐOẠN 2: Tối ưu EMA / RSI / ADX / Volume,37.0,28.38,606,172,434,0,0.0611,1.06,18,20,150,,14,,,1.1
GIAI ĐOẠN 2: Tối ưu EMA / RSI / ADX / Volume,29.5,28.51,435,124,311,0,0.0678,1.06,18,20,150,,14,,,1.25
GIAI ĐOẠN 2: Tối ưu EMA / RSI / ADX / Volume,37.5,28.28,679,192,487,0,0.0552,1.05,20,20,150,,14,,,1.0
GIAI ĐOẠN 2: Tối ưu EMA / RSI / ADX / Volume,60.0,29.32,532,156,376,0,0.1128,1.11,20,20,150,,14,,,1.1
GIAI ĐOẠN 2: Tối ưu EMA / RSI / ADX / Volume,46.0,29.47,380,112,268,0,0.1211,1.11,20,20,150,,14,,,1.25
GIAI ĐOẠN 2: Tối ưu EMA / RSI / ADX / Volume,-61.0,24.71,433,107,326,0,-0.1409,0.88,25,20,150,,14,,,1.0
GIAI ĐOẠN 2: Tối ưu EMA / RSI / ADX / Volume,-18.0,26.28,331,87,244,0,-0.0544,0.95,25,20,150,,14,,,1.1
GIAI ĐOẠN 2: Tối ưu EMA / RSI / ADX / Volume,3.5,27.54,236,65,171,0,0.0148,1.01,25,20,150,,14,,,1.25
GIAI ĐOẠN 2: Tối ưu EMA / RSI / ADX / Volume,101.5,29.39,875,256,615,4,0.116,1.11,18,20,150,,21,,,1.0
GIAI ĐOẠN 2: Tối ưu EMA / RSI / ADX / Volume,101.0,29.86,714,212,498,4,0.1415,1.14,18,20,150,,21,,,1.1
GIAI ĐOẠN 2: Tối ưu EMA / RSI / ADX / Volume,100.0,30.77,524,160,360,4,0.1908,1.19,18,20,150,,21,,,1.25
GIAI ĐOẠN 2: Tối ưu EMA / RSI / ADX / Volume,104.0,29.72,777,230,544,3,0.1338,1.13,20,20,150,,21,,,1.0
GIAI ĐOẠN 2: Tối ưu EMA / RSI / ADX / Volume,118.5,30.72,628,192,433,3,0.1887,1.18,20,20,150,,21,,,1.1
GIAI ĐOẠN 2: Tối ưu EMA / RSI / ADX / Volume,109.5,31.65,458,144,311,3,0.2391,1.23,20,20,150,,21,,,1.25
GIAI ĐOẠN 2: Tối ưu EMA / RSI / ADX / Volume,32.0,28.43,504,143,360,1,0.0635,1.06,25,20,150,,21,,,1.0
GIAI ĐOẠN 2: Tối ưu EMA / RSI / ADX / Volume,53.5,29.72,398,118,279,1,0.1344,1.13,25,20,150,,21,,,1.1
GIAI ĐOẠN 2: Tối ưu EMA / RSI / ADX / Volume,78.0,32.18,290,93,196,1,0.269,1.27,25,20,150,,21,,,1.25
GIAI ĐOẠN 2: Tối ưu EMA / RSI / ADX / Volume,54.5,28.9,609,176,433,0,0.0895,1.08,18,30,150,,10,,,1.0
GIAI ĐOẠN 2: Tối ưu EMA / RSI / ADX / Volume,43.0,28.94,470,136,334,0,0.0915,1.09,18,30,150,,10,,,1.1
GIAI ĐOẠN 2: Tối ưu EMA / RSI / ADX / Volume,12.0,27.95,322,90,232,0,0.0373,1.03,18,30,150,,10,,,1.25
GIAI ĐOẠN 2: Tối ưu EMA / RSI / ADX / Volume,89.0,30.26,542,164,378,0,0.1642,1.16,20,30,150,,10,,,1.0
GIAI ĐOẠN 2: Tối ưu EMA / RSI / ADX / Volume,70.0,30.31,419,127,292,0,0.1671,1.16,20,30,150,,10,,,1.1
GIAI ĐOẠN 2: Tối ưu EMA / RSI / ADX / Volume,31.5,29.27,287,84,203,0,0.1098,1.1,20,30,150,,10,,,1.25
GIAI ĐOẠN 2: Tối ưu EMA / RSI / ADX / Volume,15.5,28.06,360,101,259,0,0.0431,1.04,25,30,150,,10,,,1.0
GIAI ĐOẠN 2: Tối ưu EMA / RSI / ADX / Volume,0.0,27.27,275,75,200,0,0.0,1.0,25,30,150,,10,,,1.1
GIAI ĐOẠN 2: Tối ưu EMA / RSI / ADX / Volume,-11.0,26.2,187,49,138,0,-0.0588,0.95,25,30,150,,10,,,1.25
GIAI ĐOẠN 2: Tối ưu EMA / RSI / ADX / Volume,126.5,30.22,781,236,545,0,0.162,1.15,18,30,150,,14,,,1.0
GIAI ĐOẠN 2: Tối ưu EMA / RSI / ADX / Volume,105.0,30.39,612,186,426,0,0.1716,1.16,18,30,150,,14,,,1.1
GIAI ĐOẠN 2: Tối ưu EMA / RSI / ADX / Volume,51.0,29.44,428,126,302,0,0.1192,1.11,18,30,150,,14,,,1.25
GIAI ĐOẠN 2: Tối ưu EMA / RSI / ADX / Volume,148.5,31.17,693,216,477,0,0.2143,1.21,20,30,150,,14,,,1.0
GIAI ĐOẠN 2: Tối ưu EMA / RSI / ADX / Volume,127.5,31.55,542,171,371,0,0.2352,1.23,20,30,150,,14,,,1.1
GIAI ĐOẠN 2: Tối ưu EMA / RSI / ADX / Volume,68.0,30.53,380,116,264,0,0.1789,1.17,20,30,150,,14,,,1.25
GIAI ĐOẠN 2: Tối ưu EMA / RSI / ADX / Volume,15.5,27.89,459,128,331,0,0.0338,1.03,25,30,150,,14,,,1.0
GIAI ĐOẠN 2: Tối ưu EMA / RSI / ADX / Volume,17.5,28.17,355,100,255,0,0.0493,1.05,25,30,150,,14,,,1.1
GIAI ĐOẠN 2: Tối ưu EMA / RSI / ADX / Volume,-2.0,27.13,247,67,180,0,-0.0081,0.99,25,30,150,,14,,,1.25
GIAI ĐOẠN 2: Tối ưu EMA / RSI / ADX / Volume,216.5,31.56,923,290,629,4,0.2346,1.23,18,30,150,,21,,,1.0
GIAI ĐOẠN 2: Tối ưu EMA / RSI / ADX / Volume,195.0,32.07,743,237,502,4,0.2624,1.26,18,30,150,,21,,,1.1
GIAI ĐOẠN 2: Tối ưu EMA / RSI / ADX / Volume,122.5,31.41,542,169,369,4,0.226,1.22,18,30,150,,21,,,1.25
GIAI ĐOẠN 2: Tối ưu EMA / RSI / ADX / Volume,236.0,32.52,821,266,552,3,0.2875,1.29,20,30,150,,21,,,1.0
GIAI ĐOẠN 2: Tối ưu EMA / RSI / ADX / Volume,212.0,33.13,661,218,440,3,0.3207,1.32,20,30,150,,21,,,1.1
GIAI ĐOẠN 2: Tối ưu EMA / RSI / ADX / Volume,136.5,32.43,484,156,325,3,0.282,1.28,20,30,150,,21,,,1.25
GIAI ĐOẠN 2: Tối ưu EMA / RSI / ADX / Volume,120.5,31.23,555,173,381,1,0.2171,1.21,25,30,150,,21,,,1.0
GIAI ĐOẠN 2: Tối ưu EMA / RSI / ADX / Volume,103.0,31.52,442,139,302,1,0.233,1.23,25,30,150,,21,,,1.1
GIAI ĐOẠN 2: Tối ưu EMA / RSI / ADX / Volume,67.0,31.06,323,100,222,1,0.2074,1.2,25,30,150,,21,,,1.25
GIAI ĐOẠN 2: Tối ưu EMA / RSI / ADX / Volume,23.5,27.98,604,169,435,0,0.0389,1.04,18,15,200,,10,,,1.0
GIAI ĐOẠN 2: Tối ưu EMA / RSI / ADX / Volume,28.0,28.33,480,136,344,0,0.0583,1.05,18,15,200,,10,,,1.1
GIAI ĐOẠN 2: Tối ưu EMA / RSI / ADX / Volume,37.0,29.24,342,100,242,0,0.1082,1.1,18,15,200,,10,,,1.25
GIAI ĐOẠN 2: Tối ưu EMA / RSI / ADX / Volume,28.0,28.24,524,148,376,0,0.0534,1.05,20,15,200,,10,,,1.0
GIAI ĐOẠN 2: Tối ưu EMA / RSI / ADX / Volume,38.0,28.91,422,122,300,0,0.09,1.08,20,15,200,,10,,,1.1
GIAI ĐOẠN 2: Tối ưu EMA / RSI / ADX / Volume,41.0,29.77,299,89,210,0,0.1371,1.13,20,15,200,,10,,,1.25
GIAI ĐOẠN 2: Tối ưu EMA / RSI / ADX / Volume,-34.0,25.44,338,86,252,0,-0.1006,0.91,25,15,200,,10,,,1.0
GIAI ĐOẠN 2: Tối ưu EMA / RSI / ADX / Volume,-17.0,26.16,279,73,206,0,-0.0609,0.94,25,15,200,,10,,,1.1
GIAI ĐOẠN 2: Tối ưu EMA / RSI / ADX / Volume,-4.5,26.84,190,51,139,0,-0.0237,0.98,25,15,200,,10,,,1.25
GIAI ĐOẠN 2: Tối ưu EMA / RSI / ADX / Volume,41.0,28.36,684,194,490,0,0.0599,1.06,18,15,200,,14,,,1.0
GIAI ĐOẠN 2: Tối ưu EMA / RSI / ADX / Volume,40.0,28.6,549,157,392,0,0.0729,1.07,18,15,200,,14,,,1.1
GIAI ĐOẠN 2: Tối ưu EMA / RSI / ADX / Volume,59.0,29.97,397,119,278,0,0.1486,1.14,18,15,200,,14,,,1.25
GIAI ĐOẠN 2: Tối ưu EMA / RSI / ADX / Volume,46.0,28.69,589,169,420,0,0.0781,1.07,20,15,200,,14,,,1.0
GIAI ĐOẠN 2: Tối ưu EMA / RSI / ADX / Volume,54.5,29.35,477,140,337,0,0.1143,1.11,20,15,200,,14,,,1.1
GIAI ĐOẠN 2: Tối ưu EMA / RSI / ADX / Volume,70.0,30.99,342,106,236,0,0.2047,1.2,20,15,200,,14,,,1.25
GIAI ĐOẠN 2: Tối ưu EMA / RSI / ADX / Volume,-22.5,26.16,367,96,271,0,-0.0613,0.94,25,15,200,,14,,,1.0
GIAI ĐOẠN 2: Tối ưu EMA / RSI / ADX / Volume,-6.0,26.91,301,81,220,0,-0.0199,0.98,25,15,200,,14,,,1.1
GIAI ĐOẠN 2: Tối ưu EMA / RSI / ADX / Volume,12.5,28.37,208,59,149,0,0.0601,1.06,25,15,200,,14,,,1.25
GIAI ĐOẠN 2: Tối ưu EMA / RSI / ADX / Volume,131.0,30.38,771,233,534,4,0.1699,1.16,18,15,200,,21,,,1.0
GIAI ĐOẠN 2: Tối ưu EMA / RSI / ADX / Volume,118.0,30.68,633,193,436,4,0.1864,1.18,18,15,200,,21,,,1.1
GIAI ĐOẠN 2: Tối ưu EMA / RSI / ADX / Volume,130.5,32.28,478,153,321,4,0.273,1.27,18,15,200,,21,,,1.25
GIAI ĐOẠN 2: Tối ưu EMA / RSI / ADX / Volume,126.0,30.72,667,204,460,3,0.1889,1.18,20,15,200,,21,,,1.0
GIAI ĐOẠN 2: Tối ưu EMA / RSI / ADX / Volume,122.5,31.33,552,172,377,3,0.2219,1.22,20,15,200,,21,,,1.1
GIAI ĐOẠN 2: Tối ưu EMA / RSI / ADX / Volume,137.0,33.33,414,137,274,3,0.3309,1.33,20,15,200,,21,,,1.25
GIAI ĐOẠN 2: Tối ưu EMA / RSI / ADX / Volume,66.0,30.14,419,126,292,1,0.1575,1.15,25,15,200,,21,,,1.0
GIAI ĐOẠN 2: Tối ưu EMA / RSI / ADX / Volume,66.5,30.75,349,107,241,1,0.1905,1.18,25,15,200,,21,,,1.1
GIAI ĐOẠN 2: Tối ưu EMA / RSI / ADX / Volume,91.0,33.86,252,85,166,1,0.3611,1.37,25,15,200,,21,,,1.25
GIAI ĐOẠN 2: Tối ưu EMA / RSI / ADX / Volume,59.5,29.07,602,175,427,0,0.0988,1.09,18,20,200,,10,,,1.0
GIAI ĐOẠN 2: Tối ưu EMA / RSI / ADX / Volume,27.5,28.33,473,134,339,0,0.0581,1.05,18,20,200,,10,,,1.1
GIAI ĐOẠN 2: Tối ưu EMA / RSI / ADX / Volume,30.0,28.92,332,96,236,0,0.0904,1.08,18,20,200,,10,,,1.25
GIAI ĐOẠN 2: Tối ưu EMA / RSI / ADX / Volume,66.5,29.53,535,158,377,0,0.1243,1.12,20,20,200,,10,,,1.0
GIAI ĐOẠN 2: Tối ưu EMA / RSI / ADX / Volume,44.0,29.19,418,122,296,0,0.1053,1.1,20,20,200,,10,,,1.1
GIAI ĐOẠN 2: Tối ưu EMA / RSI / ADX / Volume,39.0,29.69,293,87,206,0,0.1331,1.13,20,20,200,,10,,,1.25
GIAI ĐOẠN 2: Tối ưu EMA / RSI / ADX / Volume,-22.5,26.09,345,90,255,0,-0.0652,0.94,25,20,200,,10,,,1.0
GIAI ĐOẠN 2: Tối ưu EMA / RSI / ADX / Volume,-20.5,25.86,263,68,195,0,-0.0779,0.93,25,20,200,,10,,,1.1
GIAI ĐOẠN 2: Tối ưu EMA / RSI / ADX / Volume,6.0,27.87,183,51,132,0,0.0328,1.03,25,20,200,,10,,,1.25
GIAI ĐOẠN 2: Tối ưu EMA / RSI / ADX / Volume,98.5,29.8,708,211,497,0,0.1391,1.13,18,20,200,,14,,,1.0
GIAI ĐOẠN 2: Tối ưu EMA / RSI / ADX / Volume,87.0,30.11,558,168,390,0,0.1559,1.15,18,20,200,,14,,,1.1
GIAI ĐOẠN 2: Tối ưu EMA / RSI / ADX / Volume,67.0,30.33,399,121,278,0,0.1679,1.16,18,20,200,,14,,,1.25
GIAI ĐOẠN 2: Tối ưu EMA / RSI / ADX / Volume,100.5,30.19,626,189,437,0,0.1605,1.15,20,20,200,,14,,,1.0
GIAI ĐOẠN 2: Tối ưu EMA / RSI / ADX / Volume,102.5,31.08,489,152,337,0,0.2096,1.2,20,20,200,,14,,,1.1
GIAI ĐOẠN 2: Tối ưu EMA / RSI / ADX / Volume,77.5,31.32,348,109,239,0,0.2227,1.22,20,20,200,,14,,,1.25
GIAI ĐOẠN 2: Tối ưu EMA / RSI / ADX / Volume,-12.5,26.7,397,106,291,0,-0.0315,0.97,25,20,200,,14,,,1.0
GIAI ĐOẠN 2: Tối ưu EMA / RSI / ADX / Volume,13.0,28.05,303,85,218,0,0.0429,1.04,25,20,200,,14,,,1.1
GIAI ĐOẠN 2: Tối ưu EMA / RSI / ADX / Volume,29.5,29.77,215,64,151,0,0.1372,1.13,25,20,200,,14,,,1.25
GIAI ĐOẠN 2: Tối ưu EMA / RSI / ADX / Volume,173.0,31.18,809,251,554,4,0.2138,1.21,18,20,200,,21,,,1.0
GIAI ĐOẠN 2: Tối ưu EMA / RSI / ADX / Volume,154.5,31.55,660,207,449,4,0.2341,1.23,18,20,200,,21,,,1.1
GIAI ĐOẠN 2: Tối ưu EMA / RSI / ADX / Volume,141.0,32.64,482,156,322,4,0.2925,1.29,18,20,200,,21,,,1.25
GIAI ĐOẠN 2: Tối ưu EMA / RSI / ADX / Volume,165.0,31.47,718,225,490,3,0.2298,1.22,20,20,200,,21,,,1.0
GIAI ĐOẠN 2: Tối ưu EMA / RSI / ADX / Volume,161.5,32.35,581,187,391,3,0.278,1.28,20,20,200,,21,,,1.1
GIAI ĐOẠN 2: Tối ưu EMA / RSI / ADX / Volume,141.5,33.41,422,140,279,3,0.3353,1.34,20,20,200,,21,,,1.25
GIAI ĐOẠN 2: Tối ưu EMA / RSI / ADX / Volume,77.0,30.3,463,140,322,1,0.1663,1.16,25,20,200,,21,,,1.0
GIAI ĐOẠN 2: Tối ưu EMA / RSI / ADX / Volume,85.0,31.51,366,115,250,1,0.2322,1.23,25,20,200,,21,,,1.1
GIAI ĐOẠN 2: Tối ưu EMA / RSI / ADX / Volume,106.0,34.6,264,91,172,1,0.4015,1.41,25,20,200,,21,,,1.25
GIAI ĐOẠN 2: Tối ưu EMA / RSI / ADX / Volume,109.0,30.82,558,172,386,0,0.1953,1.19,18,30,200,,10,,,1.0
GIAI ĐOẠN 2: Tối ưu EMA / RSI / ADX / Volume,84.0,30.84,428,132,296,0,0.1963,1.19,18,30,200,,10,,,1.1
GIAI ĐOẠN 2: Tối ưu EMA / RSI / ADX / Volume,35.0,29.45,292,86,206,0,0.1199,1.11,18,30,200,,10,,,1.25
GIAI ĐOẠN 2: Tối ưu EMA / RSI / ADX / Volume,133.5,32.19,494,159,335,0,0.2702,1.27,20,30,200,,10,,,1.0
GIAI ĐOẠN 2: Tối ưu EMA / RSI / ADX / Volume,102.5,32.19,379,122,257,0,0.2704,1.27,20,30,200,,10,,,1.1
GIAI ĐOẠN 2: Tối ưu EMA / RSI / ADX / Volume,51.5,30.89,259,80,179,0,0.1988,1.19,20,30,200,,10,,,1.25
GIAI ĐOẠN 2: Tối ưu EMA / RSI / ADX / Volume,48.5,29.97,327,98,229,0,0.1483,1.14,25,30,200,,10,,,1.0
GIAI ĐOẠN 2: Tối ưu EMA / RSI / ADX / Volume,27.0,29.27,246,72,174,0,0.1098,1.1,25,30,200,,10,,,1.1
GIAI ĐOẠN 2: Tối ưu EMA / RSI / ADX / Volume,8.0,28.14,167,47,120,0,0.0479,1.04,25,30,200,,10,,,1.25
GIAI ĐOẠN 2: Tối ưu EMA / RSI / ADX / Volume,186.5,31.99,719,230,489,0,0.2594,1.25,18,30,200,,14,,,1.0
GIAI ĐOẠN 2: Tối ưu EMA / RSI / ADX / Volume,153.0,32.26,558,180,378,0,0.2742,1.27,18,30,200,,14,,,1.1
GIAI ĐOẠN 2: Tối ưu EMA / RSI / ADX / Volume,83.5,31.19,388,121,267,0,0.2152,1.21,18,30,200,,14,,,1.25
GIAI ĐOẠN 2: Tối ưu EMA / RSI / ADX / Volume,202.5,33.07,635,210,425,0,0.3189,1.32,20,30,200,,14,,,1.0
GIAI ĐOẠN 2: Tối ưu EMA / RSI / ADX / Volume,169.5,33.54,492,165,327,0,0.3445,1.35,20,30,200,,14,,,1.1
GIAI ĐOẠN 2: Tối ưu EMA / RSI / ADX / Volume,97.5,32.46,342,111,231,0,0.2851,1.28,20,30,200,,14,,,1.25
GIAI ĐOẠN 2: Tối ưu EMA / RSI / ADX / Volume,62.0,29.98,417,125,292,0,0.1487,1.14,25,30,200,,14,,,1.0
GIAI ĐOẠN 2: Tối ưu EMA / RSI / ADX / Volume,56.5,30.5,318,97,221,0,0.1777,1.17,25,30,200,,14,,,1.1
GIAI ĐOẠN 2: Tối ưu EMA / RSI / ADX / Volume,29.0,29.68,219,65,154,0,0.1324,1.13,25,30,200,,14,,,1.25
GIAI ĐOẠN 2: Tối ưu EMA / RSI / ADX / Volume,285.5,33.37,855,284,567,4,0.3339,1.34,18,30,200,,21,,,1.0
GIAI ĐOẠN 2: Tối ưu EMA / RSI / ADX / Volume,241.0,33.73,683,229,450,4,0.3529,1.36,18,30,200,,21,,,1.1
GIAI ĐOẠN 2: Tối ưu EMA / RSI / ADX / Volume,153.0,32.93,496,162,330,4,0.3085,1.31,18,30,200,,21,,,1.25
GIAI ĐOẠN 2: Tối ưu EMA / RSI / ADX / Volume,296.0,34.39,759,260,496,3,0.39,1.4,20,30,200,,21,,,1.0
GIAI ĐOẠN 2: Tối ưu EMA / RSI / ADX / Volume,249.0,34.77,607,210,394,3,0.4102,1.42,20,30,200,,21,,,1.1
GIAI ĐOẠN 2: Tối ưu EMA / RSI / ADX / Volume,161.0,33.94,442,149,290,3,0.3643,1.37,20,30,200,,21,,,1.25
GIAI ĐOẠN 2: Tối ưu EMA / RSI / ADX / Volume,169.0,33.33,508,169,338,1,0.3327,1.33,25,30,200,,21,,,1.0
GIAI ĐOẠN 2: Tối ưu EMA / RSI / ADX / Volume,137.0,33.5,401,134,266,1,0.3416,1.34,25,30,200,,21,,,1.1
GIAI ĐOẠN 2: Tối ưu EMA / RSI / ADX / Volume,94.5,33.22,290,96,193,1,0.3259,1.33,25,30,200,,21,,,1.25
